INSERT INTO "public"."user" ("userID","email","password","type","contact","description","blocked","createdAt","updatedAt") 
VALUES ('66304d61-e932-4761-b3ac-19b84532c537','amtlabs@amt-consulting.com','0add1b62da571b7cc661a7d18472022b345ccab68c749ac5d660a9f841f0f4dbc48672c46aa79d101bc3e6ed4a13dbbe4313703e25f812ea13a8c82e25c2046e'
,'company',NULL,'A AMT, A Matter of Trust, é uma empresa de consultoria de tecnologias de informação focada na gestão do capital humano e em soluções de mobilidade empresariais suportadas na sua parceria com a SAP.',False,'13.05.2015 23:07:00','13.05.2015 23:07:00');

INSERT INTO "public"."user" ("userID","email","password","type","contact","description","blocked","createdAt","updatedAt") 
VALUES ('a9b323e8-fece-4979-829b-fa3f5367e1b1','mail@score.pt','0add1b62da571b7cc661a7d18472022b345ccab68c749ac5d660a9f841f0f4dbc48672c46aa79d101bc3e6ed4a13dbbe4313703e25f812ea13a8c82e25c2046e'
,'company',NULL,'A Score Consulting foi criada em 2005 desenvolvendo a sua atividade na prestação de serviços de consultoria de gestão e sistemas de informação.'
,False,'13.05.2015 23:07:00','13.05.2015 23:07:00');

INSERT INTO "public"."user" ("userID","email","password","type","contact","description","blocked","createdAt","updatedAt") 
VALUES ('9362c456-876e-4679-b246-3ae5a40ed214','sap@sap.pt','0add1b62da571b7cc661a7d18472022b345ccab68c749ac5d660a9f841f0f4dbc48672c46aa79d101bc3e6ed4a13dbbe4313703e25f812ea13a8c82e25c2046e'
,'company',NULL,'A SAP, como líder no mercado de software e aplicações empresariais, ajuda as empresas a melhorarem o funcionamento do seu negócio. Quer nas unidades de negócio ou na administração das empresas, armazéns, ou em movimento, através de dispositivos móveis.'
,False,'13.05.2015 23:07:00','13.05.2015 23:07:00');

INSERT INTO "public"."user" ("userID","email","password","type","contact","description","blocked","createdAt","updatedAt") 
VALUES ('d223dca2-6751-4a9c-82de-d8710a85eaba','amt@admin.pt','0add1b62da571b7cc661a7d18472022b345ccab68c749ac5d660a9f841f0f4dbc48672c46aa79d101bc3e6ed4a13dbbe4313703e25f812ea13a8c82e25c2046e'
,'organizer',NULL,'AMT Consulting admin account'
,False,'13.05.2015 23:07:00','13.05.2015 23:07:00');

INSERT INTO "public"."user" ("userID","email","password","type","contact","description","blocked","createdAt","updatedAt") 
VALUES ('98eb038b-0c4e-48d1-8138-551644ec65f8','dmoreira@gmail.com','0add1b62da571b7cc661a7d18472022b345ccab68c749ac5d660a9f841f0f4dbc48672c46aa79d101bc3e6ed4a13dbbe4313703e25f812ea13a8c82e25c2046e'
,'visitor',NULL,'AMT Consulting admin account'
,False,'13.05.2015 23:07:00','13.05.2015 23:07:00');
INSERT INTO "public"."user" ("userID","email","password","type","contact","description","blocked","createdAt","updatedAt") 
VALUES ('d8657fc3-d3ba-4fff-a309-b5ef826a7dbc','teste1@teste.com','0add1b62da571b7cc661a7d18472022b345ccab68c749ac5d660a9f841f0f4dbc48672c46aa79d101bc3e6ed4a13dbbe4313703e25f812ea13a8c82e25c2046e'
,'visitor',NULL,'AMT Consulting admin account'
,False,'13.05.2015 23:07:00','13.05.2015 23:07:00');
INSERT INTO "public"."user" ("userID","email","password","type","contact","description","blocked","createdAt","updatedAt") 
VALUES ('1063a7a6-7b71-4336-9477-aa12eae3f1db','teste2@teste.com','0add1b62da571b7cc661a7d18472022b345ccab68c749ac5d660a9f841f0f4dbc48672c46aa79d101bc3e6ed4a13dbbe4313703e25f812ea13a8c82e25c2046e'
,'visitor',NULL,'AMT Consulting admin account'
,False,'13.05.2015 23:07:00','13.05.2015 23:07:00');
INSERT INTO "public"."user" ("userID","email","password","type","contact","description","blocked","createdAt","updatedAt") 
VALUES ('9df91e19-71fb-41d1-a172-c4dc19abfbd4','teste3@teste.com','0add1b62da571b7cc661a7d18472022b345ccab68c749ac5d660a9f841f0f4dbc48672c46aa79d101bc3e6ed4a13dbbe4313703e25f812ea13a8c82e25c2046e'
,'visitor',NULL,'AMT Consulting admin account'
,False,'13.05.2015 23:07:00','13.05.2015 23:07:00');
INSERT INTO "public"."user" ("userID","email","password","type","contact","description","blocked","createdAt","updatedAt") 
VALUES ('1ca3587c-73c9-442e-8f92-3fd77c0fc9ab','teste4@teste.com','0add1b62da571b7cc661a7d18472022b345ccab68c749ac5d660a9f841f0f4dbc48672c46aa79d101bc3e6ed4a13dbbe4313703e25f812ea13a8c82e25c2046e'
,'visitor',NULL,'AMT Consulting admin account'
,False,'13.05.2015 23:07:00','13.05.2015 23:07:00');
INSERT INTO "public"."user" ("userID","email","password","type","contact","description","blocked","createdAt","updatedAt") 
VALUES ('1280f5d9-b1ba-4278-ab51-b533772c4e15','teste5@teste.com','0add1b62da571b7cc661a7d18472022b345ccab68c749ac5d660a9f841f0f4dbc48672c46aa79d101bc3e6ed4a13dbbe4313703e25f812ea13a8c82e25c2046e'
,'visitor',NULL,'AMT Consulting admin account'
,False,'13.05.2015 23:07:00','13.05.2015 23:07:00');
INSERT INTO "public"."user" ("userID","email","password","type","contact","description","blocked","createdAt","updatedAt") 
VALUES ('f68d01e5-68d5-429e-aabd-7c6e6c6f1c11','teste6@teste.com','0add1b62da571b7cc661a7d18472022b345ccab68c749ac5d660a9f841f0f4dbc48672c46aa79d101bc3e6ed4a13dbbe4313703e25f812ea13a8c82e25c2046e'
,'visitor',NULL,'AMT Consulting admin account'
,False,'13.05.2015 23:07:00','13.05.2015 23:07:00');
INSERT INTO "public"."user" ("userID","email","password","type","contact","description","blocked","createdAt","updatedAt") 
VALUES ('e26f0790-23f1-4bef-969c-b72562622a1a','teste7@teste.com','0add1b62da571b7cc661a7d18472022b345ccab68c749ac5d660a9f841f0f4dbc48672c46aa79d101bc3e6ed4a13dbbe4313703e25f812ea13a8c82e25c2046e'
,'visitor',NULL,'AMT Consulting admin account'
,False,'13.05.2015 23:07:00','13.05.2015 23:07:00');

INSERT INTO "public"."visitor" ("visitorID","Photo","createdAt","updatedAt") VALUES ('98eb038b-0c4e-48d1-8138-551644ec65f8',NULL,'13.05.2015 23:07:00','13.05.2015 23:07:00');
INSERT INTO "public"."visitor" ("visitorID","Photo","createdAt","updatedAt") VALUES ('d8657fc3-d3ba-4fff-a309-b5ef826a7dbc',NULL,'13.05.2015 23:07:00','13.05.2015 23:07:00');
INSERT INTO "public"."visitor" ("visitorID","Photo","createdAt","updatedAt") VALUES ('1063a7a6-7b71-4336-9477-aa12eae3f1db',NULL,'13.05.2015 23:07:00','13.05.2015 23:07:00');
INSERT INTO "public"."visitor" ("visitorID","Photo","createdAt","updatedAt") VALUES ('9df91e19-71fb-41d1-a172-c4dc19abfbd4',NULL,'13.05.2015 23:07:00','13.05.2015 23:07:00');
INSERT INTO "public"."visitor" ("visitorID","Photo","createdAt","updatedAt") VALUES ('1ca3587c-73c9-442e-8f92-3fd77c0fc9ab',NULL,'13.05.2015 23:07:00','13.05.2015 23:07:00');
INSERT INTO "public"."visitor" ("visitorID","Photo","createdAt","updatedAt") VALUES ('1280f5d9-b1ba-4278-ab51-b533772c4e15',NULL,'13.05.2015 23:07:00','13.05.2015 23:07:00');
INSERT INTO "public"."visitor" ("visitorID","Photo","createdAt","updatedAt") VALUES ('f68d01e5-68d5-429e-aabd-7c6e6c6f1c11',NULL,'13.05.2015 23:07:00','13.05.2015 23:07:00');
INSERT INTO "public"."visitor" ("visitorID","Photo","createdAt","updatedAt") VALUES ('e26f0790-23f1-4bef-969c-b72562622a1a',NULL,'13.05.2015 23:07:00','13.05.2015 23:07:00');

INSERT INTO "public"."company" ("companyID","companyName","logoImage","website","visitorCounter","createdAt","updatedAt","address") 
VALUES ('66304d61-e932-4761-b3ac-19b84532c537','AMT Consulting','AMT.jpg','http://www.amt-consulting.com/',60,'13.05.2015 23:07:00','13.05.2015 23:07:00','Centro de Inovação – UPTEC Rua Júlio de Matos 828/882 4200-355 Porto, Portugal');

INSERT INTO "public"."company" ("companyID","companyName","logoImage","website","visitorCounter","createdAt","updatedAt","address") 
VALUES ('a9b323e8-fece-4979-829b-fa3f5367e1b1','Score Consulting','Score.jpg','http://www.score.pt/',40,'13.05.2015 23:07:00','13.05.2015 23:07:00','Campo Pequeno, 48 1100- Lisboa');

INSERT INTO "public"."company" ("companyID","companyName","logoImage","website","visitorCounter","createdAt","updatedAt","address") 
VALUES ('9362c456-876e-4679-b246-3ae5a40ed214','SAP','SAP.jpeg','http://www.sap.com/portugal/index.html',60,'13.05.2015 23:07:00','13.05.2015 23:07:00','R. Encosta das Lagoas 2740-267 Porto Salvo');

INSERT INTO "public"."organizer" ("organizerID","organizerName","createdAt","updatedAt") 
VALUES ('d223dca2-6751-4a9c-82de-d8710a85eaba','AMT Admin','13.05.2015 23:07:00','13.05.2015 23:07:00');

INSERT INTO "public"."liveFair" ("liveFairID","name","description","startDate","endDate","local","address","city","map","createdAt","updatedAt","organizerOrganizerID") 
VALUES ('df0a9750-31f8-4cf7-853e-c6d9093a8dbf','SAP Innovation Forum','A actual conjuntura económica aumenta a responsabilidade do decisor em responder rápida e eficazmente aos desafios de um mercado cada vez mais competitivo, exigente e global.'
,'26.11.2015 09:00:00','26.11.2015 18:00:00'
,'Centro de Congressos do Estoril','Av. Amaral, 2765-192 Estoril','Estoril','congress_estoril_planta.gif','13.05.2015 23:07:00','13.05.2015 23:07:00','d223dca2-6751-4a9c-82de-d8710a85eaba');

INSERT INTO "public"."liveFair" ("liveFairID","name","description","startDate","endDate","local","address","city","map","createdAt","updatedAt","organizerOrganizerID") 
VALUES ('7763d30f-2662-47f5-b43d-41a6ce5ba66f','FEUP Carrer Fair','De 18 a 20 de novembro de 2014 realizar-se-á mais uma edição da FEUP CAREER FAIR, este ano com o apoio do BEST PORTO. As empresas podem participar nas diferentes atividades da feira nos dias 18 e 19 de novembro'
,'17.11.2015 09:00:00','19.11.2015 18:00:00'
,'FEUP','R. Dr. Roberto Frias s/n, 4200-465 Porto','Porto','mapa_FEUP.jpg','13.05.2015 23:07:00','13.05.2015 23:07:00','d223dca2-6751-4a9c-82de-d8710a85eaba');

INSERT INTO "public"."liveFair" ("liveFairID","name","description","startDate","endDate","local","address","city","map","createdAt","updatedAt","organizerOrganizerID") 
VALUES ('c80cdc12-08be-40be-aed4-3bc6e3c5cfd0','LGP Challenge','Dia 9 de Junho apresentam-se os resultados do trabalho de um semestre por parte das empresas criadas pelos alunos.'
,'09.06.2015 14:00:00','09.06.2015 19:00:00'
,'FEUP','R. Dr. Roberto Frias s/n, 4200-465 Porto','Porto','mapa_FEUP.jpg','13.05.2015 23:07:00','13.05.2015 23:07:00','d223dca2-6751-4a9c-82de-d8710a85eaba');

INSERT INTO "public"."liveFair" ("liveFairID","name","description","startDate","endDate","local","address","city","map","createdAt","updatedAt","organizerOrganizerID") 
VALUES ('21f435a7-8029-4b00-b4a7-62b4bcaed53f','Unite Europe 2015','In this June there is another edition of the Unite Conference'
,'24.06.2015 09:00:00','25.06.2015 18:00:00'
,'Westergasfabriek','Van Bleiswijkstraat 8 1051 DG Amsterdam','Amesterdão','mapa_FEUP.jpg','13.05.2015 23:07:00','13.05.2015 23:07:00','d223dca2-6751-4a9c-82de-d8710a85eaba');

INSERT INTO "public"."liveFair" ("liveFairID","name","description","startDate","endDate","local","address","city","map","createdAt","updatedAt","organizerOrganizerID") 
VALUES ('34341b28-8b57-49f8-b26a-88723e958452','E3 2015','June 16-18 the center of the world of gaming is in LA'
,'16.06.2015 09:00:00','18.06.2015 18:00:00'
,'Los Angeles Convention Center','1201 S Figueroa St, Los Angeles, CA 90015, USA','Los Angeles','mapa_FEUP.jpg','13.05.2015 23:07:00','13.05.2015 23:07:00','d223dca2-6751-4a9c-82de-d8710a85eaba');

INSERT INTO "public"."liveFair" ("liveFairID","name","description","startDate","endDate","local","address","city","map","createdAt","updatedAt","organizerOrganizerID") 
VALUES ('b6516bc9-cae3-4a75-87fa-10b457d54dec','PAX Dev','Gather in seattle to join in the discussion of gaming development.'
,'26.08.2015 09:00:00','27.08.2015 18:00:00'
,'Seattle Westin Hotel','1900 5th Ave, Seattle, WA 98101, USA','Seatle','mapa_FEUP.jpg','13.05.2015 23:07:00','13.05.2015 23:07:00','d223dca2-6751-4a9c-82de-d8710a85eaba');

INSERT INTO "public"."interest" ("interestID","interest","createdAt","updatedAt","liveFairLiveFairID") 
VALUES ('d01e69b5-be9d-4439-8b10-514d72eca7d9','SAP Human Resources','13.05.2015 23:07:00','13.05.2015 23:07:00','df0a9750-31f8-4cf7-853e-c6d9093a8dbf');
INSERT INTO "public"."interest" ("interestID","interest","createdAt","updatedAt","liveFairLiveFairID") 
VALUES ('693e021e-be18-4f45-828c-eb0cab73d2db','SAP Logistics','13.05.2015 23:07:00','13.05.2015 23:07:00','df0a9750-31f8-4cf7-853e-c6d9093a8dbf');
INSERT INTO "public"."interest" ("interestID","interest","createdAt","updatedAt","liveFairLiveFairID") 
VALUES ('4e428b70-9aa7-42c4-b6c4-8f85b5ff0d6c','SAP Finance','13.05.2015 23:07:00','13.05.2015 23:07:00','df0a9750-31f8-4cf7-853e-c6d9093a8dbf');
INSERT INTO "public"."interest" ("interestID","interest","createdAt","updatedAt","liveFairLiveFairID") 
VALUES ('4d300c1d-8a36-4a3b-974b-eee8569236d3','SAP HANA','13.05.2015 23:07:00','13.05.2015 23:07:00','df0a9750-31f8-4cf7-853e-c6d9093a8dbf');
INSERT INTO "public"."interest" ("interestID","interest","createdAt","updatedAt","liveFairLiveFairID") 
VALUES ('e474128f-468c-43ef-9af2-a3c7ef5658a4','Success Factors','13.05.2015 23:07:00','13.05.2015 23:07:00','df0a9750-31f8-4cf7-853e-c6d9093a8dbf');
INSERT INTO "public"."interest" ("interestID","interest","createdAt","updatedAt","liveFairLiveFairID") 
VALUES ('534316d9-1232-418e-a47e-d8b4680de699','Engenharia Informática','13.05.2015 23:07:00','13.05.2015 23:07:00','df0a9750-31f8-4cf7-853e-c6d9093a8dbf');
INSERT INTO "public"."interest" ("interestID","interest","createdAt","updatedAt","liveFairLiveFairID") 
VALUES ('c3e8609c-5cab-4cd2-94ce-a65197063621','Engenharia e Gestão Industrial','13.05.2015 23:07:00','13.05.2015 23:07:00','df0a9750-31f8-4cf7-853e-c6d9093a8dbf');
INSERT INTO "public"."interest" ("interestID","interest","createdAt","updatedAt","liveFairLiveFairID") 
VALUES ('826baa18-539d-461a-97b6-e3efa6eed5b7','SAP','13.05.2015 23:07:00','13.05.2015 23:07:00','df0a9750-31f8-4cf7-853e-c6d9093a8dbf');
INSERT INTO "public"."interest" ("interestID","interest","createdAt","updatedAt","liveFairLiveFairID") 
VALUES ('77d531d7-036f-4fb5-8133-f906cdb68560','Engenharia Eletrotécnica e de Computadores','13.05.2015 23:07:00','13.05.2015 23:07:00','df0a9750-31f8-4cf7-853e-c6d9093a8dbf');

INSERT INTO "public"."liveFairInterest" ("createdAt","updatedAt","liveFairLiveFairID","interestInterestID") 
VALUES ('13.05.2015 23:07:00','13.05.2015 23:07:00','df0a9750-31f8-4cf7-853e-c6d9093a8dbf','d01e69b5-be9d-4439-8b10-514d72eca7d9');
INSERT INTO "public"."liveFairInterest" ("createdAt","updatedAt","liveFairLiveFairID","interestInterestID") 
VALUES ('13.05.2015 23:07:00','13.05.2015 23:07:00','df0a9750-31f8-4cf7-853e-c6d9093a8dbf','693e021e-be18-4f45-828c-eb0cab73d2db');
INSERT INTO "public"."liveFairInterest" ("createdAt","updatedAt","liveFairLiveFairID","interestInterestID") 
VALUES ('13.05.2015 23:07:00','13.05.2015 23:07:00','df0a9750-31f8-4cf7-853e-c6d9093a8dbf','4e428b70-9aa7-42c4-b6c4-8f85b5ff0d6c');
INSERT INTO "public"."liveFairInterest" ("createdAt","updatedAt","liveFairLiveFairID","interestInterestID") 
VALUES ('13.05.2015 23:07:00','13.05.2015 23:07:00','df0a9750-31f8-4cf7-853e-c6d9093a8dbf','4d300c1d-8a36-4a3b-974b-eee8569236d3');
INSERT INTO "public"."liveFairInterest" ("createdAt","updatedAt","liveFairLiveFairID","interestInterestID") 
VALUES ('13.05.2015 23:07:00','13.05.2015 23:07:00','df0a9750-31f8-4cf7-853e-c6d9093a8dbf','e474128f-468c-43ef-9af2-a3c7ef5658a4');

INSERT INTO "public"."liveFairInterest" ("createdAt","updatedAt","liveFairLiveFairID","interestInterestID") 
VALUES ('13.05.2015 23:07:00','13.05.2015 23:07:00','7763d30f-2662-47f5-b43d-41a6ce5ba66f','534316d9-1232-418e-a47e-d8b4680de699');
INSERT INTO "public"."liveFairInterest" ("createdAt","updatedAt","liveFairLiveFairID","interestInterestID") 
VALUES ('13.05.2015 23:07:00','13.05.2015 23:07:00','7763d30f-2662-47f5-b43d-41a6ce5ba66f','c3e8609c-5cab-4cd2-94ce-a65197063621');
INSERT INTO "public"."liveFairInterest" ("createdAt","updatedAt","liveFairLiveFairID","interestInterestID") 
VALUES ('13.05.2015 23:07:00','13.05.2015 23:07:00','7763d30f-2662-47f5-b43d-41a6ce5ba66f','826baa18-539d-461a-97b6-e3efa6eed5b7');
INSERT INTO "public"."liveFairInterest" ("createdAt","updatedAt","liveFairLiveFairID","interestInterestID") 
VALUES ('13.05.2015 23:07:00','13.05.2015 23:07:00','7763d30f-2662-47f5-b43d-41a6ce5ba66f','77d531d7-036f-4fb5-8133-f906cdb68560');

INSERT INTO "public"."liveFairEvents" ("id","eventLocation","startTime","endTime","speakers","subject","createdAt","updatedAt","liveFairEventsID") 
VALUES (0,'Hall de Entrada','26.11.2015 09:00:00','26.11.2015 09:30:00','N/A','Acreditação, Café e Acolhimento e Área de Exposição','13.05.2015 23:07:00','13.05.2015 23:07:00','df0a9750-31f8-4cf7-853e-c6d9093a8dbf');
INSERT INTO "public"."liveFairEvents" ("id","eventLocation","startTime","endTime","speakers","subject","createdAt","updatedAt","liveFairEventsID") 
VALUES (1,'Auditório B','26.11.2015 09:30:00','26.11.2015 09:45:00','João Fonseca','Boas-Vindas e Introdução','13.05.2015 23:07:00','13.05.2015 23:07:00','df0a9750-31f8-4cf7-853e-c6d9093a8dbf');
INSERT INTO "public"."liveFairEvents" ("id","eventLocation","startTime","endTime","speakers","subject","createdAt","updatedAt","liveFairEventsID") 
VALUES (2,'Auditório A','26.11.2015 09:15:00','26.11.2015 11:15:00','Hasso Plattner','International Speaker','13.05.2015 23:07:00','13.05.2015 23:07:00','df0a9750-31f8-4cf7-853e-c6d9093a8dbf');
INSERT INTO "public"."liveFairEvents" ("id","eventLocation","startTime","endTime","speakers","subject","createdAt","updatedAt","liveFairEventsID") 
VALUES (3,'Auditório A','26.11.2015 11:15:00','26.11.2015 11:45:00','N/A','Coffe Break e Área de Exposição','13.05.2015 23:07:00','13.05.2015 23:07:00','df0a9750-31f8-4cf7-853e-c6d9093a8dbf');
INSERT INTO "public"."liveFairEvents" ("id","eventLocation","startTime","endTime","speakers","subject","createdAt","updatedAt","liveFairEventsID") 
VALUES (4,'Auditório C','26.11.2015 11:45:00','26.11.2015 12:45:00','Frank Hopp','Bitsn Bites Showcase','13.05.2015 23:07:00','13.05.2015 23:07:00','df0a9750-31f8-4cf7-853e-c6d9093a8dbf');
INSERT INTO "public"."liveFairEvents" ("id","eventLocation","startTime","endTime","speakers","subject","createdAt","updatedAt","liveFairEventsID") 
VALUES (5,'Auditório C','26.11.2015 12:45:00','26.11.2015 14:15:00','N/A','Almoço','13.05.2015 23:07:00','13.05.2015 23:07:00','df0a9750-31f8-4cf7-853e-c6d9093a8dbf');
INSERT INTO "public"."liveFairEvents" ("id","eventLocation","startTime","endTime","speakers","subject","createdAt","updatedAt","liveFairEventsID") 
VALUES (6,'Auditório D','26.11.2015 14:15:00','26.11.2015 17:30:00','N/A','Workshops','13.05.2015 23:07:00','13.05.2015 23:07:00','df0a9750-31f8-4cf7-853e-c6d9093a8dbf');
INSERT INTO "public"."liveFairEvents" ("id","eventLocation","startTime","endTime","speakers","subject","createdAt","updatedAt","liveFairEventsID") 
VALUES (7,'Auditório A','26.11.2015 17:30:00','26.11.2015 18:00:00','Margarida Silva','Sessão de Encerramento','13.05.2015 23:07:00','13.05.2015 23:07:00','df0a9750-31f8-4cf7-853e-c6d9093a8dbf');

INSERT INTO "public"."liveFairEvents" ("id","eventLocation","startTime","endTime","speakers","subject","createdAt","updatedAt","liveFairEventsID") 
VALUES (8,'Corredor B','17.11.2015 08:30:00','17.11.2015 09:30:00','N/A','Check In','13.05.2015 23:07:00','13.05.2015 23:07:00','7763d30f-2662-47f5-b43d-41a6ce5ba66f');
INSERT INTO "public"."liveFairEvents" ("id","eventLocation","startTime","endTime","speakers","subject","createdAt","updatedAt","liveFairEventsID") 
VALUES (9,'Corredor B','17.11.2015 10:00:00','17.11.2015 11:30:00','N/A','Chat Room & Speed Talk','13.05.2015 23:07:00','13.05.2015 23:07:00','7763d30f-2662-47f5-b43d-41a6ce5ba66f');
INSERT INTO "public"."liveFairEvents" ("id","eventLocation","startTime","endTime","speakers","subject","createdAt","updatedAt","liveFairEventsID") 
VALUES (10,'Corredor B','17.11.2015 11:30:00','17.11.2015 12:30:00','N/A','FEUPitch 1','13.05.2015 23:07:00','13.05.2015 23:07:00','7763d30f-2662-47f5-b43d-41a6ce5ba66f');
INSERT INTO "public"."liveFairEvents" ("id","eventLocation","startTime","endTime","speakers","subject","createdAt","updatedAt","liveFairEventsID") 
VALUES (11,'Corredor B','17.11.2015 12:30:00','17.11.2015 14:00:00','N/A','FEUPitch 2','13.05.2015 23:07:00','13.05.2015 23:07:00','7763d30f-2662-47f5-b43d-41a6ce5ba66f');
INSERT INTO "public"."liveFairEvents" ("id","eventLocation","startTime","endTime","speakers","subject","createdAt","updatedAt","liveFairEventsID") 
VALUES (12,'Corredor B','17.11.2015 10:00:00','17.11.2015 14:00:00','N/A','On-the-spot Job Interview','13.05.2015 23:07:00','13.05.2015 23:07:00','7763d30f-2662-47f5-b43d-41a6ce5ba66f');
INSERT INTO "public"."liveFairEvents" ("id","eventLocation","startTime","endTime","speakers","subject","createdAt","updatedAt","liveFairEventsID") 
VALUES (13,'Corredor B','17.11.2015 09:30:00','17.11.2015 17:30:00','N/A','Exhibition & Carrer Advisoty Booth','13.05.2015 23:07:00','13.05.2015 23:07:00','7763d30f-2662-47f5-b43d-41a6ce5ba66f');
INSERT INTO "public"."liveFairEvents" ("id","eventLocation","startTime","endTime","speakers","subject","createdAt","updatedAt","liveFairEventsID") 
VALUES (14,'Corredor B','17.11.2015 14:00:00','17.11.2015 20:00:00','N/A','Chat Room & Speed Talk','13.05.2015 23:07:00','13.05.2015 23:07:00','7763d30f-2662-47f5-b43d-41a6ce5ba66f');
INSERT INTO "public"."liveFairEvents" ("id","eventLocation","startTime","endTime","speakers","subject","createdAt","updatedAt","liveFairEventsID") 
VALUES (15,'Corredor B','17.11.2015 14:30:00','17.11.2015 18:00:00','N/A','On-the-spot Job Interview','13.05.2015 23:07:00','13.05.2015 23:07:00','7763d30f-2662-47f5-b43d-41a6ce5ba66f');
INSERT INTO "public"."liveFairEvents" ("id","eventLocation","startTime","endTime","speakers","subject","createdAt","updatedAt","liveFairEventsID") 
VALUES (16,'Corredor B','17.11.2015 18:00:00','17.11.2015 20:00:00','N/A','Alumni On-the-spot Job Interview','13.05.2015 23:07:00','13.05.2015 23:07:00','7763d30f-2662-47f5-b43d-41a6ce5ba66f');
INSERT INTO "public"."liveFairEvents" ("id","eventLocation","startTime","endTime","speakers","subject","createdAt","updatedAt","liveFairEventsID") 
VALUES (17,'Corredor B','18.11.2015 08:30:00','18.11.2015 09:30:00','N/A','Check In','13.05.2015 23:07:00','13.05.2015 23:07:00','7763d30f-2662-47f5-b43d-41a6ce5ba66f');
INSERT INTO "public"."liveFairEvents" ("id","eventLocation","startTime","endTime","speakers","subject","createdAt","updatedAt","liveFairEventsID") 
VALUES (18,'Corredor B','18.11.2015 10:00:00','18.11.2015 13:00:00','N/A','Chat Room & Speed Talk','13.05.2015 23:07:00','13.05.2015 23:07:00','7763d30f-2662-47f5-b43d-41a6ce5ba66f');
INSERT INTO "public"."liveFairEvents" ("id","eventLocation","startTime","endTime","speakers","subject","createdAt","updatedAt","liveFairEventsID") 
VALUES (19,'Corredor B','18.11.2015 10:00:00','18.11.2015 14:00:00','N/A','On-the-spot Job Interview','13.05.2015 23:07:00','13.05.2015 23:07:00','7763d30f-2662-47f5-b43d-41a6ce5ba66f');
INSERT INTO "public"."liveFairEvents" ("id","eventLocation","startTime","endTime","speakers","subject","createdAt","updatedAt","liveFairEventsID") 
VALUES (20,'Corredor B','18.11.2015 09:30:00','18.11.2015 17:30:00','N/A','Exhibition & Carrer Advisoty Booth','13.05.2015 23:07:00','13.05.2015 23:07:00','7763d30f-2662-47f5-b43d-41a6ce5ba66f');
INSERT INTO "public"."liveFairEvents" ("id","eventLocation","startTime","endTime","speakers","subject","createdAt","updatedAt","liveFairEventsID") 
VALUES (21,'Corredor B','18.11.2015 14:00:00','18.11.2015 20:00:00','N/A','Chat Room & Speed Talk','13.05.2015 23:07:00','13.05.2015 23:07:00','7763d30f-2662-47f5-b43d-41a6ce5ba66f');
INSERT INTO "public"."liveFairEvents" ("id","eventLocation","startTime","endTime","speakers","subject","createdAt","updatedAt","liveFairEventsID") 
VALUES (22,'Corredor B','18.11.2015 14:00:00','18.11.2015 18:00:00','N/A','On-the-spot Job Interview','13.05.2015 23:07:00','13.05.2015 23:07:00','7763d30f-2662-47f5-b43d-41a6ce5ba66f');
INSERT INTO "public"."liveFairEvents" ("id","eventLocation","startTime","endTime","speakers","subject","createdAt","updatedAt","liveFairEventsID") 
VALUES (23,'Corredor B','18.11.2015 18:30:00','18.11.2015 20:00:00','N/A','Alumni On-the-spot Job Interview','13.05.2015 23:07:00','13.05.2015 23:07:00','7763d30f-2662-47f5-b43d-41a6ce5ba66f');
INSERT INTO "public"."liveFairEvents" ("id","eventLocation","startTime","endTime","speakers","subject","createdAt","updatedAt","liveFairEventsID") 
VALUES (24,'Corredor B','19.11.2015 19:30:00','19.11.2015 18:00:00','BEST Porto','BEST Competition','13.05.2015 23:07:00','13.05.2015 23:07:00','7763d30f-2662-47f5-b43d-41a6ce5ba66f');
INSERT INTO "public"."liveFairEvents" ("id","eventLocation","startTime","endTime","speakers","subject","createdAt","updatedAt","liveFairEventsID") 
VALUES (25,'Corredor B','19.11.2015 17:30:00','19.11.2015 18:00:00','JuniFEUP','Successful Entrepreneurs','13.05.2015 23:07:00','13.05.2015 23:07:00','7763d30f-2662-47f5-b43d-41a6ce5ba66f');
INSERT INTO "public"."liveFairEvents" ("id","eventLocation","startTime","endTime","speakers","subject","createdAt","updatedAt","liveFairEventsID") 
VALUES (26,'Corredor B','19.11.2015 17:30:00','19.11.2015 18:00:00','Ordem dos Engenheiros','Professional Recognition of the engineers','13.05.2015 23:07:00','13.05.2015 23:07:00','7763d30f-2662-47f5-b43d-41a6ce5ba66f');
INSERT INTO "public"."liveFairEvents" ("id","eventLocation","startTime","endTime","speakers","subject","createdAt","updatedAt","liveFairEventsID") 
VALUES (27,'Corredor B','19.11.2015 17:30:00','19.11.2015 18:00:00','Students Testemonials','International Traneeshipos','13.05.2015 23:07:00','13.05.2015 23:07:00','7763d30f-2662-47f5-b43d-41a6ce5ba66f');
INSERT INTO "public"."liveFairEvents" ("id","eventLocation","startTime","endTime","speakers","subject","createdAt","updatedAt","liveFairEventsID") 
VALUES (28,'Corredor B','19.11.2015 17:30:00','19.11.2015 18:00:00','N/A','LinkedIn: The importance of the social network when searching for a job','13.05.2015 23:07:00','13.05.2015 23:07:00','7763d30f-2662-47f5-b43d-41a6ce5ba66f');
INSERT INTO "public"."liveFairEvents" ("id","eventLocation","startTime","endTime","speakers","subject","createdAt","updatedAt","liveFairEventsID") 
VALUES (29,'Corredor B','19.11.2015 17:30:00','19.11.2015 18:00:00','N/A','Career Abroad: how to cope with all the changes','13.05.2015 23:07:00','13.05.2015 23:07:00','7763d30f-2662-47f5-b43d-41a6ce5ba66f');

INSERT INTO "public"."stands" ("standLocation","approved","createdAt","updatedAt","liveFairLiveFairID","companyCompanyID","visitorCounter") 
VALUES ('42',True,'13.05.2015 23:07:00','13.05.2015 23:07:00','df0a9750-31f8-4cf7-853e-c6d9093a8dbf','66304d61-e932-4761-b3ac-19b84532c537',40);
INSERT INTO "public"."stands" ("standLocation","approved","createdAt","updatedAt","liveFairLiveFairID","companyCompanyID","visitorCounter") 
VALUES ('42',True,'13.05.2015 23:07:00','13.05.2015 23:07:00','df0a9750-31f8-4cf7-853e-c6d9093a8dbf','a9b323e8-fece-4979-829b-fa3f5367e1b1',20);
INSERT INTO "public"."stands" ("standLocation","approved","createdAt","updatedAt","liveFairLiveFairID","companyCompanyID","visitorCounter") 
VALUES ('42',True,'13.05.2015 23:07:00','13.05.2015 23:07:00','df0a9750-31f8-4cf7-853e-c6d9093a8dbf','9362c456-876e-4679-b246-3ae5a40ed214',30);

INSERT INTO "public"."stands" ("standLocation","approved","createdAt","updatedAt","liveFairLiveFairID","companyCompanyID","visitorCounter") 
VALUES ('42',True,'13.05.2015 23:07:00','13.05.2015 23:07:00','7763d30f-2662-47f5-b43d-41a6ce5ba66f','66304d61-e932-4761-b3ac-19b84532c537',20);
INSERT INTO "public"."stands" ("standLocation","approved","createdAt","updatedAt","liveFairLiveFairID","companyCompanyID","visitorCounter") 
VALUES ('42',True,'13.05.2015 23:07:00','13.05.2015 23:07:00','7763d30f-2662-47f5-b43d-41a6ce5ba66f','a9b323e8-fece-4979-829b-fa3f5367e1b1',20);
INSERT INTO "public"."stands" ("standLocation","approved","createdAt","updatedAt","liveFairLiveFairID","companyCompanyID","visitorCounter") 
VALUES ('42',True,'13.05.2015 23:07:00','13.05.2015 23:07:00','7763d30f-2662-47f5-b43d-41a6ce5ba66f','9362c456-876e-4679-b246-3ae5a40ed214',30);

INSERT INTO "public"."companyEvents" ("companyEventsID","location","startTime","endTime","speakers","subject","createdAt","updatedAt") 
VALUES ('384bd320-98ae-48dd-9ba6-1977e37b8af2','Auditório B','26.11.2015 14:15:00','26.11.2015 16:17:00','Hugo Pizarro','Get Ready for the new SAP User Experience','13.05.2015 23:07:00','13.05.2015 23:07:00');
INSERT INTO "public"."companyEvents" ("companyEventsID","location","startTime","endTime","speakers","subject","createdAt","updatedAt") 
VALUES ('15f4fe42-d52a-4447-b6d8-0309c38b2e4a','Auditório B','26.11.2015 16:15:00','26.11.2015 17:15:00','Filipa Galiza','AMT Smart Recruting','13.05.2015 23:07:00','13.05.2015 23:07:00');

INSERT INTO "public"."companyEvents" ("companyEventsID","location","startTime","endTime","speakers","subject","createdAt","updatedAt") 
VALUES ('8c4813d2-ec42-4928-8e4e-cdbee1db3032','Auditório C','26.11.2015 15:15:00','26.11.2015 16:15:00','Paulo Vasconcelos','Logistics @ HANA','13.05.2015 23:07:00','13.05.2015 23:07:00');

INSERT INTO "public"."companyEvents" ("companyEventsID","location","startTime","endTime","speakers","subject","createdAt","updatedAt") 
VALUES ('df0560e6-5c96-422f-9332-fb552dabac80','Auditório A','26.11.2015 09:00:00','26.11.2015 09:30:00','João Fonseca','Boas-Vindas e Introdução','13.05.2015 23:07:00','13.05.2015 23:07:00');

INSERT INTO "public"."liveFairCompanyEvents" ("id","liveFairIDref","companyIDref","companyEventsIDref","createdAt","updatedAt") 
VALUES (0,'df0a9750-31f8-4cf7-853e-c6d9093a8dbf','9362c456-876e-4679-b246-3ae5a40ed214','384bd320-98ae-48dd-9ba6-1977e37b8af2','13.05.2015 23:07:00','13.05.2015 23:07:00');
INSERT INTO "public"."liveFairCompanyEvents" ("id","liveFairIDref","companyIDref","companyEventsIDref","createdAt","updatedAt") 
VALUES (1,'df0a9750-31f8-4cf7-853e-c6d9093a8dbf','9362c456-876e-4679-b246-3ae5a40ed214','15f4fe42-d52a-4447-b6d8-0309c38b2e4a','13.05.2015 23:07:00','13.05.2015 23:07:00');

INSERT INTO "public"."liveFairCompanyEvents" ("id","liveFairIDref","companyIDref","companyEventsIDref","createdAt","updatedAt") 
VALUES (2,'df0a9750-31f8-4cf7-853e-c6d9093a8dbf','66304d61-e932-4761-b3ac-19b84532c537','8c4813d2-ec42-4928-8e4e-cdbee1db3032','13.05.2015 23:07:00','13.05.2015 23:07:00');

INSERT INTO "public"."liveFairCompanyEvents" ("id","liveFairIDref","companyIDref","companyEventsIDref","createdAt","updatedAt") 
VALUES (3,'df0a9750-31f8-4cf7-853e-c6d9093a8dbf','a9b323e8-fece-4979-829b-fa3f5367e1b1','df0560e6-5c96-422f-9332-fb552dabac80','13.05.2015 23:07:00','13.05.2015 23:07:00');

INSERT INTO "public"."liveFairCompanyInterest" ("id","liveFairIDref","companyIDref","interestIDref","createdAt","updatedAt") 
VALUES (0,'df0a9750-31f8-4cf7-853e-c6d9093a8dbf','66304d61-e932-4761-b3ac-19b84532c537','d01e69b5-be9d-4439-8b10-514d72eca7d9','13.05.2015 23:07:00','13.05.2015 23:07:00');
INSERT INTO "public"."liveFairCompanyInterest" ("id","liveFairIDref","companyIDref","interestIDref","createdAt","updatedAt") 
VALUES (1,'df0a9750-31f8-4cf7-853e-c6d9093a8dbf','66304d61-e932-4761-b3ac-19b84532c537','4d300c1d-8a36-4a3b-974b-eee8569236d3','13.05.2015 23:07:00','13.05.2015 23:07:00');
INSERT INTO "public"."liveFairCompanyInterest" ("id","liveFairIDref","companyIDref","interestIDref","createdAt","updatedAt") 
VALUES (2,'df0a9750-31f8-4cf7-853e-c6d9093a8dbf','66304d61-e932-4761-b3ac-19b84532c537','e474128f-468c-43ef-9af2-a3c7ef5658a4','13.05.2015 23:07:00','13.05.2015 23:07:00');

INSERT INTO "public"."liveFairCompanyInterest" ("id","liveFairIDref","companyIDref","interestIDref","createdAt","updatedAt") 
VALUES (3,'df0a9750-31f8-4cf7-853e-c6d9093a8dbf','a9b323e8-fece-4979-829b-fa3f5367e1b1','693e021e-be18-4f45-828c-eb0cab73d2db','13.05.2015 23:07:00','13.05.2015 23:07:00');
INSERT INTO "public"."liveFairCompanyInterest" ("id","liveFairIDref","companyIDref","interestIDref","createdAt","updatedAt") 
VALUES (4,'df0a9750-31f8-4cf7-853e-c6d9093a8dbf','a9b323e8-fece-4979-829b-fa3f5367e1b1','4d300c1d-8a36-4a3b-974b-eee8569236d3','13.05.2015 23:07:00','13.05.2015 23:07:00');

INSERT INTO "public"."liveFairCompanyInterest" ("id","liveFairIDref","companyIDref","interestIDref","createdAt","updatedAt") 
VALUES (5,'df0a9750-31f8-4cf7-853e-c6d9093a8dbf','9362c456-876e-4679-b246-3ae5a40ed214','d01e69b5-be9d-4439-8b10-514d72eca7d9','13.05.2015 23:07:00','13.05.2015 23:07:00');
INSERT INTO "public"."liveFairCompanyInterest" ("id","liveFairIDref","companyIDref","interestIDref","createdAt","updatedAt") 
VALUES (6,'df0a9750-31f8-4cf7-853e-c6d9093a8dbf','9362c456-876e-4679-b246-3ae5a40ed214','4d300c1d-8a36-4a3b-974b-eee8569236d3','13.05.2015 23:07:00','13.05.2015 23:07:00');
INSERT INTO "public"."liveFairCompanyInterest" ("id","liveFairIDref","companyIDref","interestIDref","createdAt","updatedAt") 
VALUES (7,'df0a9750-31f8-4cf7-853e-c6d9093a8dbf','9362c456-876e-4679-b246-3ae5a40ed214','e474128f-468c-43ef-9af2-a3c7ef5658a4','13.05.2015 23:07:00','13.05.2015 23:07:00');
INSERT INTO "public"."liveFairCompanyInterest" ("id","liveFairIDref","companyIDref","interestIDref","createdAt","updatedAt") 
VALUES (8,'df0a9750-31f8-4cf7-853e-c6d9093a8dbf','9362c456-876e-4679-b246-3ae5a40ed214','693e021e-be18-4f45-828c-eb0cab73d2db','13.05.2015 23:07:00','13.05.2015 23:07:00');
INSERT INTO "public"."liveFairCompanyInterest" ("id","liveFairIDref","companyIDref","interestIDref","createdAt","updatedAt") 
VALUES (9,'df0a9750-31f8-4cf7-853e-c6d9093a8dbf','9362c456-876e-4679-b246-3ae5a40ed214','4e428b70-9aa7-42c4-b6c4-8f85b5ff0d6c','13.05.2015 23:07:00','13.05.2015 23:07:00');

INSERT INTO "public"."liveFairCompanyInterest" ("id","liveFairIDref","companyIDref","interestIDref","createdAt","updatedAt") 
VALUES (10,'7763d30f-2662-47f5-b43d-41a6ce5ba66f','66304d61-e932-4761-b3ac-19b84532c537','534316d9-1232-418e-a47e-d8b4680de699','13.05.2015 23:07:00','13.05.2015 23:07:00');
INSERT INTO "public"."liveFairCompanyInterest" ("id","liveFairIDref","companyIDref","interestIDref","createdAt","updatedAt") 
VALUES (11,'7763d30f-2662-47f5-b43d-41a6ce5ba66f','66304d61-e932-4761-b3ac-19b84532c537','c3e8609c-5cab-4cd2-94ce-a65197063621','13.05.2015 23:07:00','13.05.2015 23:07:00');
INSERT INTO "public"."liveFairCompanyInterest" ("id","liveFairIDref","companyIDref","interestIDref","createdAt","updatedAt") 
VALUES (12,'7763d30f-2662-47f5-b43d-41a6ce5ba66f','66304d61-e932-4761-b3ac-19b84532c537','826baa18-539d-461a-97b6-e3efa6eed5b7','13.05.2015 23:07:00','13.05.2015 23:07:00');
INSERT INTO "public"."liveFairCompanyInterest" ("id","liveFairIDref","companyIDref","interestIDref","createdAt","updatedAt") 
VALUES (13,'7763d30f-2662-47f5-b43d-41a6ce5ba66f','66304d61-e932-4761-b3ac-19b84532c537','77d531d7-036f-4fb5-8133-f906cdb68560','13.05.2015 23:07:00','13.05.2015 23:07:00');

INSERT INTO "public"."liveFairCompanyInterest" ("id","liveFairIDref","companyIDref","interestIDref","createdAt","updatedAt") 
VALUES (14,'7763d30f-2662-47f5-b43d-41a6ce5ba66f','a9b323e8-fece-4979-829b-fa3f5367e1b1','534316d9-1232-418e-a47e-d8b4680de699','13.05.2015 23:07:00','13.05.2015 23:07:00');
INSERT INTO "public"."liveFairCompanyInterest" ("id","liveFairIDref","companyIDref","interestIDref","createdAt","updatedAt") 
VALUES (15,'7763d30f-2662-47f5-b43d-41a6ce5ba66f','a9b323e8-fece-4979-829b-fa3f5367e1b1','c3e8609c-5cab-4cd2-94ce-a65197063621','13.05.2015 23:07:00','13.05.2015 23:07:00');
INSERT INTO "public"."liveFairCompanyInterest" ("id","liveFairIDref","companyIDref","interestIDref","createdAt","updatedAt") 
VALUES (16,'7763d30f-2662-47f5-b43d-41a6ce5ba66f','a9b323e8-fece-4979-829b-fa3f5367e1b1','826baa18-539d-461a-97b6-e3efa6eed5b7','13.05.2015 23:07:00','13.05.2015 23:07:00');

INSERT INTO "public"."liveFairCompanyInterest" ("id","liveFairIDref","companyIDref","interestIDref","createdAt","updatedAt") 
VALUES (17,'7763d30f-2662-47f5-b43d-41a6ce5ba66f','9362c456-876e-4679-b246-3ae5a40ed214','534316d9-1232-418e-a47e-d8b4680de699','13.05.2015 23:07:00','13.05.2015 23:07:00');
INSERT INTO "public"."liveFairCompanyInterest" ("id","liveFairIDref","companyIDref","interestIDref","createdAt","updatedAt") 
VALUES (18,'7763d30f-2662-47f5-b43d-41a6ce5ba66f','9362c456-876e-4679-b246-3ae5a40ed214','c3e8609c-5cab-4cd2-94ce-a65197063621','13.05.2015 23:07:00','13.05.2015 23:07:00');
INSERT INTO "public"."liveFairCompanyInterest" ("id","liveFairIDref","companyIDref","interestIDref","createdAt","updatedAt") 
VALUES (19,'7763d30f-2662-47f5-b43d-41a6ce5ba66f','9362c456-876e-4679-b246-3ae5a40ed214','826baa18-539d-461a-97b6-e3efa6eed5b7','13.05.2015 23:07:00','13.05.2015 23:07:00');

INSERT INTO "public"."visitor_liveFair" ("createdAt","updatedAt","liveFairLiveFairID","visitorVisitorID") 
VALUES ('13.05.2015 23:07:00','13.05.2015 23:07:00','df0a9750-31f8-4cf7-853e-c6d9093a8dbf','98eb038b-0c4e-48d1-8138-551644ec65f8');
INSERT INTO "public"."visitor_liveFair" ("createdAt","updatedAt","liveFairLiveFairID","visitorVisitorID") 
VALUES ('13.05.2015 23:07:00','13.05.2015 23:07:00','df0a9750-31f8-4cf7-853e-c6d9093a8dbf','d8657fc3-d3ba-4fff-a309-b5ef826a7dbc');
INSERT INTO "public"."visitor_liveFair" ("createdAt","updatedAt","liveFairLiveFairID","visitorVisitorID") 
VALUES ('13.05.2015 23:07:00','13.05.2015 23:07:00','df0a9750-31f8-4cf7-853e-c6d9093a8dbf','1063a7a6-7b71-4336-9477-aa12eae3f1db');
INSERT INTO "public"."visitor_liveFair" ("createdAt","updatedAt","liveFairLiveFairID","visitorVisitorID") 
VALUES ('13.05.2015 23:07:00','13.05.2015 23:07:00','df0a9750-31f8-4cf7-853e-c6d9093a8dbf','9df91e19-71fb-41d1-a172-c4dc19abfbd4');
INSERT INTO "public"."visitor_liveFair" ("createdAt","updatedAt","liveFairLiveFairID","visitorVisitorID") 
VALUES ('13.05.2015 23:07:00','13.05.2015 23:07:00','df0a9750-31f8-4cf7-853e-c6d9093a8dbf','1ca3587c-73c9-442e-8f92-3fd77c0fc9ab');
INSERT INTO "public"."visitor_liveFair" ("createdAt","updatedAt","liveFairLiveFairID","visitorVisitorID") 
VALUES ('13.05.2015 23:07:00','13.05.2015 23:07:00','df0a9750-31f8-4cf7-853e-c6d9093a8dbf','1280f5d9-b1ba-4278-ab51-b533772c4e15');
INSERT INTO "public"."visitor_liveFair" ("createdAt","updatedAt","liveFairLiveFairID","visitorVisitorID") 
VALUES ('13.05.2015 23:07:00','13.05.2015 23:07:00','df0a9750-31f8-4cf7-853e-c6d9093a8dbf','f68d01e5-68d5-429e-aabd-7c6e6c6f1c11');
INSERT INTO "public"."visitor_liveFair" ("createdAt","updatedAt","liveFairLiveFairID","visitorVisitorID") 
VALUES ('13.05.2015 23:07:00','13.05.2015 23:07:00','df0a9750-31f8-4cf7-853e-c6d9093a8dbf','e26f0790-23f1-4bef-969c-b72562622a1a');

INSERT INTO "public"."liveFairVisitorInterest" ("id","liveFairIDref","visitorIDref","interestIDref","createdAt","updatedAt") 
VALUES (0,'df0a9750-31f8-4cf7-853e-c6d9093a8dbf','98eb038b-0c4e-48d1-8138-551644ec65f8','d01e69b5-be9d-4439-8b10-514d72eca7d9','13.05.2015 23:07:00','13.05.2015 23:07:00');
INSERT INTO "public"."liveFairVisitorInterest" ("id","liveFairIDref","visitorIDref","interestIDref","createdAt","updatedAt") 
VALUES (1,'df0a9750-31f8-4cf7-853e-c6d9093a8dbf','98eb038b-0c4e-48d1-8138-551644ec65f8','e474128f-468c-43ef-9af2-a3c7ef5658a4','13.05.2015 23:07:00','13.05.2015 23:07:00');
INSERT INTO "public"."liveFairVisitorInterest" ("id","liveFairIDref","visitorIDref","interestIDref","createdAt","updatedAt") 
VALUES (2,'df0a9750-31f8-4cf7-853e-c6d9093a8dbf','98eb038b-0c4e-48d1-8138-551644ec65f8','4e428b70-9aa7-42c4-b6c4-8f85b5ff0d6c','13.05.2015 23:07:00','13.05.2015 23:07:00');
INSERT INTO "public"."liveFairVisitorInterest" ("id","liveFairIDref","visitorIDref","interestIDref","createdAt","updatedAt") 
VALUES (3,'df0a9750-31f8-4cf7-853e-c6d9093a8dbf','d8657fc3-d3ba-4fff-a309-b5ef826a7dbc','d01e69b5-be9d-4439-8b10-514d72eca7d9','13.05.2015 23:07:00','13.05.2015 23:07:00');
INSERT INTO "public"."liveFairVisitorInterest" ("id","liveFairIDref","visitorIDref","interestIDref","createdAt","updatedAt") 
VALUES (4,'df0a9750-31f8-4cf7-853e-c6d9093a8dbf','d8657fc3-d3ba-4fff-a309-b5ef826a7dbc','693e021e-be18-4f45-828c-eb0cab73d2db','13.05.2015 23:07:00','13.05.2015 23:07:00');
INSERT INTO "public"."liveFairVisitorInterest" ("id","liveFairIDref","visitorIDref","interestIDref","createdAt","updatedAt") 
VALUES (5,'df0a9750-31f8-4cf7-853e-c6d9093a8dbf','1063a7a6-7b71-4336-9477-aa12eae3f1db','693e021e-be18-4f45-828c-eb0cab73d2db','13.05.2015 23:07:00','13.05.2015 23:07:00');
INSERT INTO "public"."liveFairVisitorInterest" ("id","liveFairIDref","visitorIDref","interestIDref","createdAt","updatedAt") 
VALUES (6,'df0a9750-31f8-4cf7-853e-c6d9093a8dbf','1063a7a6-7b71-4336-9477-aa12eae3f1db','4e428b70-9aa7-42c4-b6c4-8f85b5ff0d6c','13.05.2015 23:07:00','13.05.2015 23:07:00');
INSERT INTO "public"."liveFairVisitorInterest" ("id","liveFairIDref","visitorIDref","interestIDref","createdAt","updatedAt") 
VALUES (7,'df0a9750-31f8-4cf7-853e-c6d9093a8dbf','1063a7a6-7b71-4336-9477-aa12eae3f1db','d01e69b5-be9d-4439-8b10-514d72eca7d9','13.05.2015 23:07:00','13.05.2015 23:07:00');
INSERT INTO "public"."liveFairVisitorInterest" ("id","liveFairIDref","visitorIDref","interestIDref","createdAt","updatedAt") 
VALUES (8,'df0a9750-31f8-4cf7-853e-c6d9093a8dbf','9df91e19-71fb-41d1-a172-c4dc19abfbd4','e474128f-468c-43ef-9af2-a3c7ef5658a4','13.05.2015 23:07:00','13.05.2015 23:07:00');
INSERT INTO "public"."liveFairVisitorInterest" ("id","liveFairIDref","visitorIDref","interestIDref","createdAt","updatedAt") 
VALUES (9,'df0a9750-31f8-4cf7-853e-c6d9093a8dbf','9df91e19-71fb-41d1-a172-c4dc19abfbd4','4e428b70-9aa7-42c4-b6c4-8f85b5ff0d6c','13.05.2015 23:07:00','13.05.2015 23:07:00');
INSERT INTO "public"."liveFairVisitorInterest" ("id","liveFairIDref","visitorIDref","interestIDref","createdAt","updatedAt") 
VALUES (10,'df0a9750-31f8-4cf7-853e-c6d9093a8dbf','9df91e19-71fb-41d1-a172-c4dc19abfbd4','693e021e-be18-4f45-828c-eb0cab73d2db','13.05.2015 23:07:00','13.05.2015 23:07:00');
INSERT INTO "public"."liveFairVisitorInterest" ("id","liveFairIDref","visitorIDref","interestIDref","createdAt","updatedAt") 
VALUES (11,'df0a9750-31f8-4cf7-853e-c6d9093a8dbf','1ca3587c-73c9-442e-8f92-3fd77c0fc9ab','4e428b70-9aa7-42c4-b6c4-8f85b5ff0d6c','13.05.2015 23:07:00','13.05.2015 23:07:00');
INSERT INTO "public"."liveFairVisitorInterest" ("id","liveFairIDref","visitorIDref","interestIDref","createdAt","updatedAt") 
VALUES (12,'df0a9750-31f8-4cf7-853e-c6d9093a8dbf','1ca3587c-73c9-442e-8f92-3fd77c0fc9ab','693e021e-be18-4f45-828c-eb0cab73d2db','13.05.2015 23:07:00','13.05.2015 23:07:00');
INSERT INTO "public"."liveFairVisitorInterest" ("id","liveFairIDref","visitorIDref","interestIDref","createdAt","updatedAt") 
VALUES (13,'df0a9750-31f8-4cf7-853e-c6d9093a8dbf','1280f5d9-b1ba-4278-ab51-b533772c4e15','d01e69b5-be9d-4439-8b10-514d72eca7d9','13.05.2015 23:07:00','13.05.2015 23:07:00');
INSERT INTO "public"."liveFairVisitorInterest" ("id","liveFairIDref","visitorIDref","interestIDref","createdAt","updatedAt") 
VALUES (14,'df0a9750-31f8-4cf7-853e-c6d9093a8dbf','1280f5d9-b1ba-4278-ab51-b533772c4e15','4e428b70-9aa7-42c4-b6c4-8f85b5ff0d6c','13.05.2015 23:07:00','13.05.2015 23:07:00');
INSERT INTO "public"."liveFairVisitorInterest" ("id","liveFairIDref","visitorIDref","interestIDref","createdAt","updatedAt") 
VALUES (15,'df0a9750-31f8-4cf7-853e-c6d9093a8dbf','1280f5d9-b1ba-4278-ab51-b533772c4e15','693e021e-be18-4f45-828c-eb0cab73d2db','13.05.2015 23:07:00','13.05.2015 23:07:00');
INSERT INTO "public"."liveFairVisitorInterest" ("id","liveFairIDref","visitorIDref","interestIDref","createdAt","updatedAt") 
VALUES (16,'df0a9750-31f8-4cf7-853e-c6d9093a8dbf','f68d01e5-68d5-429e-aabd-7c6e6c6f1c11','d01e69b5-be9d-4439-8b10-514d72eca7d9','13.05.2015 23:07:00','13.05.2015 23:07:00');
INSERT INTO "public"."liveFairVisitorInterest" ("id","liveFairIDref","visitorIDref","interestIDref","createdAt","updatedAt") 
VALUES (17,'df0a9750-31f8-4cf7-853e-c6d9093a8dbf','f68d01e5-68d5-429e-aabd-7c6e6c6f1c11','693e021e-be18-4f45-828c-eb0cab73d2db','13.05.2015 23:07:00','13.05.2015 23:07:00');
INSERT INTO "public"."liveFairVisitorInterest" ("id","liveFairIDref","visitorIDref","interestIDref","createdAt","updatedAt") 
VALUES (18,'df0a9750-31f8-4cf7-853e-c6d9093a8dbf','e26f0790-23f1-4bef-969c-b72562622a1a','e474128f-468c-43ef-9af2-a3c7ef5658a4','13.05.2015 23:07:00','13.05.2015 23:07:00');
INSERT INTO "public"."liveFairVisitorInterest" ("id","liveFairIDref","visitorIDref","interestIDref","createdAt","updatedAt") 
VALUES (19,'df0a9750-31f8-4cf7-853e-c6d9093a8dbf','e26f0790-23f1-4bef-969c-b72562622a1a','4d300c1d-8a36-4a3b-974b-eee8569236d3','13.05.2015 23:07:00','13.05.2015 23:07:00');